Workbook

Sheet Sheet1
A1: Date | B1: Cumulative_cases | C1: Cumulative_deaths | D1: Daily_Cases | E1: Daily_Deaths | F1: Week_Index | G1: Week
A2: 43852 | B2: 0 | C2: 0 | D2: =_xlfn.IFERROR(B2-B1,0) -> 0 | E2: =_xlfn.IFERROR(C2-C1,0) -> 0 | F2: =INT((A2-DATE(2020,1,22))/7)+1 -> 1 | G2: ="Week_"&F2 -> Week_1
A3: 43853 | B3: 0 | C3: 0 | D3: =_xlfn.IFERROR(B3-B2,0) -> 0 | E3: =_xlfn.IFERROR(C3-C2,0) -> 0 | F3: =INT((A3-DATE(2020,1,22))/7)+1 -> 1 | G3: ="Week_"&F3 -> Week_1
A4: 43854 | B4: 0 | C4: 0 | D4: =_xlfn.IFERROR(B4-B3,0) -> 0 | E4: =_xlfn.IFERROR(C4-C3,0) -> 0 | F4: =INT((A4-DATE(2020,1,22))/7)+1 -> 1 | G4: ="Week_"&F4 -> Week_1
A5: 43855 | B5: 0 | C5: 0 | D5: =_xlfn.IFERROR(B5-B4,0) -> 0 | E5: =_xlfn.IFERROR(C5-C4,0) -> 0 | F5: =INT((A5-DATE(2020,1,22))/7)+1 -> 1 | G5: ="Week_"&F5 -> Week_1
A6: 43856 | B6: 0 | C6: 0 | D6: =_xlfn.IFERROR(B6-B5,0) -> 0 | E6: =_xlfn.IFERROR(C6-C5,0) -> 0 | F6: =INT((A6-DATE(2020,1,22))/7)+1 -> 1 | G6: ="Week_"&F6 -> Week_1
A7: 43857 | B7: 0 | C7: 0 | D7: =_xlfn.IFERROR(B7-B6,0) -> 0 | E7: =_xlfn.IFERROR(C7-C6,0) -> 0 | F7: =INT((A7-DATE(2020,1,22))/7)+1 -> 1 | G7: ="Week_"&F7 -> Week_1
A8: 43858 | B8: 0 | C8: 0 | D8: =_xlfn.IFERROR(B8-B7,0) -> 0 | E8: =_xlfn.IFERROR(C8-C7,0) -> 0 | F8: =INT((A8-DATE(2020,1,22))/7)+1 -> 1 | G8: ="Week_"&F8 -> Week_1
A9: 43859 | B9: 0 | C9: 0 | D9: =_xlfn.IFERROR(B9-B8,0) -> 0 | E9: =_xlfn.IFERROR(C9-C8,0) -> 0 | F9: =INT((A9-DATE(2020,1,22))/7)+1 -> 2 | G9: ="Week_"&F9 -> Week_2
A10: 43860 | B10: 0 | C10: 0 | D10: =_xlfn.IFERROR(B10-B9,0) -> 0 | E10: =_xlfn.IFERROR(C10-C9,0) -> 0 | F10: =INT((A10-DATE(2020,1,22))/7)+1 -> 2 | G10: ="Week_"&F10 -> Week_2
A11: 43861 | B11: 0 | C11: 0 | D11: =_xlfn.IFERROR(B11-B10,0) -> 0 | E11: =_xlfn.IFERROR(C11-C10,0) -> 0 | F11: =INT((A11-DATE(2020,1,22))/7)+1 -> 2 | G11: ="Week_"&F11 -> Week_2
A12: 43862 | B12: 0 | C12: 0 | D12: =_xlfn.IFERROR(B12-B11,0) -> 0 | E12: =_xlfn.IFERROR(C12-C11,0) -> 0 | F12: =INT((A12-DATE(2020,1,22))/7)+1 -> 2 | G12: ="Week_"&F12 -> Week_2
A13: 43863 | B13: 0 | C13: 0 | D13: =_xlfn.IFERROR(B13-B12,0) -> 0 | E13: =_xlfn.IFERROR(C13-C12,0) -> 0 | F13: =INT((A13-DATE(2020,1,22))/7)+1 -> 2 | G13: ="Week_"&F13 -> Week_2
... A1143: 44993 | B1143: 2037871 | C1143: 29445 | D1143: =_xlfn.IFERROR(B1143-B1142,0) -> 0 | E1143: =_xlfn.IFERROR(C1143-C1142,0) -> 0 | F1143: =INT((A1143-DATE(2020,1,22))/7)+1 -> 164 | G1143: ="Week_"&F1143 -> Week_164
A1144: 44994

Sheet Weekly_Surveillance
A1: Week | B1: Weekly_cases | C1: Weekly_deaths | D1: Case_change | E1: Case_pct_change | F1: Case_spike
A2: Week_1 | B2: =_xlfn.SUMIFS(Sheet1!D:D,Sheet1!G:G,A2) -> 0 | C2: =_xlfn.SUMIFS(Sheet1!E:E,Sheet1!G:G,A2) -> 0 | D2: =B2-B1 -> #VALUE! | E2: =IF(B1=0,0,(B2-B1)/B1) -> #VALUE! | F2: =IF(B2>=1.5*B1,"YES","") -> #VALUE!
A3: Week_2 | B3: =_xlfn.SUMIFS(Sheet1!D:D,Sheet1!G:G,A3) -> 0 | C3: =_xlfn.SUMIFS(Sheet1!E:E,Sheet1!G:G,A3) -> 0 | D3: =B3-B2 -> 0 | E3: =IF(B2=0,0,(B3-B2)/B2) -> 0 | F3: =IF(B3>=1.5*B2,"YES","") -> YES
A4: Week_3 | B4: =_xlfn.SUMIFS(Sheet1!D:D,Sheet1!G:G,A4) -> 0 | C4: =_xlfn.SUMIFS(Sheet1!E:E,Sheet1!G:G,A4) -> 0 | D4: =B4-B3 -> 0 | E4: =IF(B3=0,0,(B4-B3)/B3) -> 0 | F4: =IF(B4>=1.5*B3,"YES","") -> YES
A5: Week_4 | B5: =_xlfn.SUMIFS(Sheet1!D:D,Sheet1!G:G,A5) -> 0 | C5: =_xlfn.SUMIFS(Sheet1!E:E,Sheet1!G:G,A5) -> 0 | D5: =B5-B4 -> 0 | E5: =IF(B4=0,0,(B5-B4)/B4) -> 0 | F5: =IF(B5>=1.5*B4,"YES","") -> YES
A6: Week_5 | B6: =_xlfn.SUMIFS(Sheet1!D:D,Sheet1!G:G,A6) -> 0 | C6: =_xlfn.SUMIFS(Sheet1!E:E,Sheet1!G:G,A6) -> 0 | D6: =B6-B5 -> 0 | E6: =IF(B5=0,0,(B6-B5)/B5) -> 0 | F6: =IF(B6>=1.5*B5,"YES","") -> YES
A7: Week_6 | B7: =_xlfn.SUMIFS(Sheet1!D:D,Sheet1!G:G,A7) -> 0 | C7: =_xlfn.SUMIFS(Sheet1!E:E,Sheet1!G:G,A7) -> 0 | D7: =B7-B6 -> 0 | E7: =IF(B6=0,0,(B7-B6)/B6) -> 0 | F7: =IF(B7>=1.5*B6,"YES","") -> YES
A8: Week_7 | B8: =_xlfn.SUMIFS(Sheet1!D:D,Sheet1!G:G,A8) -> 3 | C8: =_xlfn.SUMIFS(Sheet1!E:E,Sheet1!G:G,A8) -> 0 | D8: =B8-B7 -> 3 | E8: =IF(B7=0,0,(B8-B7)/B7) -> 0 | F8: =IF(B8>=1.5*B7,"YES","") -> YES
A9: Week_8 | B9: =_xlfn.SUMIFS(Sheet1!D:D,Sheet1!G:G,A9) -> 11 | C9: =_xlfn.SUMIFS(Sheet1!E:E,Sheet1!G:G,A9) -> 1 | D9: =B9-B8 -> 8 | E9: =IF(B8=0,0,(B9-B8)/B8) -> 2.6666667 | F9: =IF(B9>=1.5*B8,"YES","") -> YES
A10: Week_9 | B10: =_xlfn.SUMIFS(Sheet1!D:D,Sheet1!G:G,A10) -> 25 | C10: =_xlfn.SUMIFS(Sheet1!E:E,Sheet1!G:G,A10) -> 4 | D10: =B10-B9 -> 14 | E10: =IF(B9=0,0,(B10-B9)/B9) -> 1.2727273 | F10: =IF(B10>=1.5*B9,"YES","") -> YES
A11: Week_10 | B11: =_xlfn.SUMIFS(Sheet1!D:D,Sheet1!G:G,A11) -> 15 | C11: =_xlfn.SUMIFS(Sheet1!E:E,Sheet1!G:G,A11) -> 1 | D11: =B11-B10 -> -10 | E11: =IF(B10=0,0,(B11-B10)/B10) -> -0.4 | F11: =IF(B11>=1.5*B10,"YES","")
A12: Week_11 | B12: =_xlfn.SUMIFS(Sheet1!D:D,Sheet1!G:G,A12) -> 164 | C12: =_xlfn.SUMIFS(Sheet1!E:E,Sheet1!G:G,A12) -> 14 | D12: =B12-B11 -> 149 | E12: =IF(B11=0,0,(B12-B11)/B11) -> 9.9333333 | F12: =IF(B12>=1.5*B11,"YES","") -> YES
A13: Week_12 | B13: =_xlfn.SUMIFS(Sheet1!D:D,Sheet1!G:G,A13) -> 1013 | C13: =_xlfn.SUMIFS(Sheet1!E:E,Sheet1!G:G,A13) -> 30 | D13: =B13-B12 -> 849 | E13: =IF(B12=0,0,(B13-B12)/B12) -> 5.1768293 | F13: =IF(B13>=1.5*B12,"YES","") -> YES
... A165: Week_164 | B165: =_xlfn.SUMIFS(Sheet1!D:D,Sheet1!G:G,A165) -> 0 | C165: =_xlfn.SUMIFS(Sheet1!E:E,Sheet1!G:G,A165) -> 0 | D165: =B165-B164 -> -42 | E165: =IF(B164=0,0,(B165-B164)/B164) -> -1 | F165: =IF(B165>=1.5*B164,"YES","")

Sheet Sheet3
